<?xml version="1.0" encoding="ISO-8859-1"?>
<fmiModelDescription fmiVersion="2.0" modelName="osmcfmu" guid="{cfc65592-ffff-4563-9705-1581b6e7071c}"
                     generationTool="Out of Sync Mitigation Component" numberOfEventIndicators="0" copyright="INTO-CPS"
                     license="INTO-CPS">
    <CoSimulation modelIdentifier="osmcfmu" needsExecutionTool="true"
                  canHandleVariableCommunicationStepSize="true" canInterpolateInputs="false"
                  maxOutputDerivativeOrder="0" canRunAsynchronuously="false" canBeInstantiatedOnlyOncePerProcess="true"
                  canNotUseMemoryManagementFunctions="true" canGetAndSetFMUstate="false" canSerializeFMUstate="false"
                  providesDirectionalDerivative="false"/>

    <LogCategories>
        <Category name="logAll"/>
        <Category name="logFatal"/>
    </LogCategories>

    <DefaultExperiment startTime="0.0" stopTime="16.0" stepSize="0.01"/>
    <ModelVariables>

        <!-- Index 1 -->
        <!-- Milliseconds -->
        <ScalarVariable name="safetolerance" valueReference="0" variability="fixed" causality="parameter" initial="exact">
            <Integer start="500"/>
        </ScalarVariable>
        <!-- Index 2 -->
        <!-- Milliseconds -->
        <ScalarVariable name="realtimecheckinterval" valueReference="1" variability="fixed" causality="parameter" initial="exact">
            <Integer start="200"/>
        </ScalarVariable>

        <!-- Index 3 -->
        <ScalarVariable name="outofsync" valueReference="2" variability="discrete" causality="output">
            <Boolean start="false"/>
        </ScalarVariable>

        <ScalarVariable name="config.hostname" valueReference="3" variability="fixed" causality="parameter" initial="exact">
            <String start="127.0.0.1"/>
        </ScalarVariable>

        <ScalarVariable name="config.port" valueReference="4" variability="fixed" causality="parameter" initial="exact">
            <Integer start="5672"/>
        </ScalarVariable>

    </ModelVariables>
    <ModelStructure>
        <Outputs>
            <Unknown index="3"/>
        </Outputs>
    </ModelStructure>


</fmiModelDescription>
